epsilon,delta,batch_size,max_grad_norm,cifar_label,victim_accuracy,attack_accuracy
0.1,1e-05,32,0.1,0,17.1,49.3577
0.1,1e-05,32,0.1,1,17.1,50.1002
0.1,1e-05,32,0.1,2,17.1,50.4286
0.1,1e-05,32,0.1,3,17.1,50.2513
0.1,1e-05,32,0.1,4,17.1,50.1253
0.1,1e-05,32,0.1,5,17.1,50.4796
0.1,1e-05,32,0.1,6,17.1,49.2854
0.1,1e-05,32,0.1,7,17.1,49.4560
0.1,1e-05,32,0.1,8,17.1,50.5051
0.1,1e-05,32,0.1,9,17.1,50.
0.1,1e-05,32,2.0,0,21.27,49.3577
0.1,1e-05,32,2.0,1,21.27,50.0501
0.1,1e-05,32,2.0,2,21.27,50.0756
0.1,1e-05,32,2.0,3,21.27,50.2513
0.1,1e-05,32,2.0,4,21.27,50.1253
0.1,1e-05,32,2.0,5,21.27,50.5805
0.1,1e-05,32,2.0,6,21.27,49.3346
0.1,1e-05,32,2.0,7,21.27,49.9011
0.1,1e-05,32,2.0,8,21.27,50.7576
0.1,1e-05,32,2.0,9,21.27,50.3000
0.1,1e-05,32,10.0,0,11.91,49.4071
0.1,1e-05,32,10.0,1,11.91,50.1002
0.1,1e-05,32,10.0,2,11.91,50.4286
0.1,1e-05,32,10.0,3,11.91,50.2513
0.1,1e-05,32,10.0,4,11.91,50.1253
0.1,1e-05,32,10.0,5,11.91,50.4796
0.1,1e-05,32,10.0,6,11.91,49.2361
0.1,1e-05,32,10.0,7,11.91,49.4560
0.1,1e-05,32,10.0,8,11.91,50.5051
0.1,1e-05,32,10.0,9,11.91,50.
1.0,1e-05,32,0.1,0,39.04,50.29644268774704
1.0,1e-05,32,0.1,1,39.04,51.90380761523046
1.0,1e-05,32,0.1,2,39.04,51.18507312153303
1.0,1e-05,32,0.1,3,39.04,50.301507537688444
1.0,1e-05,32,0.1,4,39.04,50.42606516290727
1.0,1e-05,32,0.1,5,39.04,50.32811711256941
1.0,1e-05,32,0.1,6,39.04,49.38393297190734
1.0,1e-05,32,0.1,7,39.04,49.653808110781405
1.0,1e-05,32,0.1,8,39.04,50.707070707070706
1.0,1e-05,32,0.1,9,39.04,51.2
1.0,1e-05,32,2.0,0,36.28,50.098814229249015
1.0,1e-05,32,2.0,1,36.28,51.40280561122245
1.0,1e-05,32,2.0,2,36.28,50.22692889561271
1.0,1e-05,32,2.0,3,36.28,50.45226130653266
1.0,1e-05,32,2.0,4,36.28,50.37593984962406
1.0,1e-05,32,2.0,5,36.28,51.48914689550732
1.0,1e-05,32,2.0,6,36.28,50.02464268112371
1.0,1e-05,32,2.0,7,36.28,49.40652818991098
1.0,1e-05,32,2.0,8,36.28,51.61616161616162
1.0,1e-05,32,2.0,9,36.28,51.4
1.0,1e-05,32,10.0,0,22.75,49.11067193675889
1.0,1e-05,32,10.0,1,22.75,50.20040080160321
1.0,1e-05,32,10.0,2,22.75,50.22692889561271
1.0,1e-05,32,10.0,3,22.75,50.25125628140704
1.0,1e-05,32,10.0,4,22.75,49.774436090225564
1.0,1e-05,32,10.0,5,22.75,50.58051489146896
1.0,1e-05,32,10.0,6,22.75,49.38393297190734
1.0,1e-05,32,10.0,7,22.75,49.40652818991098
1.0,1e-05,32,10.0,8,22.75,50.55555555555556
1.0,1e-05,32,10.0,9,22.75,49.9
10.0,1e-05,32,0.1,0,47.35,50.98814229249012
10.0,1e-05,32,0.1,1,47.35,53.50701402805611
10.0,1e-05,32,0.1,2,47.35,51.73978819969743
10.0,1e-05,32,0.1,3,47.35,50.95477386934673
10.0,1e-05,32,0.1,4,47.35,52.68170426065163
10.0,1e-05,32,0.1,5,47.35,51.287228672387684
10.0,1e-05,32,0.1,6,47.35,51.25677673730902
10.0,1e-05,32,0.1,7,47.35,52.176063303659745
10.0,1e-05,32,0.1,8,47.35,52.878787878787875
10.0,1e-05,32,0.1,9,47.35,52.15
10.0,1e-05,32,2.0,0,43.7,51.77865612648221
10.0,1e-05,32,2.0,1,43.7,52.35470941883767
10.0,1e-05,32,2.0,2,43.7,50.47907211296016
10.0,1e-05,32,2.0,3,43.7,51.15577889447236
10.0,1e-05,32,2.0,4,43.7,51.578947368421055
10.0,1e-05,32,2.0,5,43.7,51.287228672387684
10.0,1e-05,32,2.0,6,43.7,51.355347461803845
10.0,1e-05,32,2.0,7,43.7,52.62116716122651
10.0,1e-05,32,2.0,8,43.7,51.96969696969697
10.0,1e-05,32,2.0,9,43.7,52.45
10.0,1e-05,32,10.0,0,33.64,50.0
10.0,1e-05,32,10.0,1,33.64,50.901803607214426
10.0,1e-05,32,10.0,2,33.64,50.17650025214322
10.0,1e-05,32,10.0,3,33.64,50.50251256281407
10.0,1e-05,32,10.0,4,33.64,50.32581453634085
10.0,1e-05,32,10.0,5,33.64,50.126198889449775
10.0,1e-05,32,10.0,6,33.64,49.53178905864958
10.0,1e-05,32,10.0,7,33.64,49.25816023738872
10.0,1e-05,32,10.0,8,33.64,50.45454545454545
10.0,1e-05,32,10.0,9,33.64,49.75
100.0,1e-05,32,0.1,0,49.0,51.383399209486164
100.0,1e-05,32,0.1,1,49.0,54.609218436873746
100.0,1e-05,32,0.1,2,49.0,52.344931921331316
100.0,1e-05,32,0.1,3,49.0,52.21105527638191
100.0,1e-05,32,0.1,4,49.0,53.03258145363409
100.0,1e-05,32,0.1,5,49.0,52.24634023220596
100.0,1e-05,32,0.1,6,49.0,52.68605224248398
100.0,1e-05,32,0.1,7,49.0,52.72007912957468
100.0,1e-05,32,0.1,8,49.0,53.535353535353536
100.0,1e-05,32,0.1,9,49.0,55.0
00.0,1e-05,32,2.0,0,47.1,51.18577075098814
100.0,1e-05,32,2.0,1,47.1,53.70741482965932
100.0,1e-05,32,2.0,2,47.1,51.99193141704488
100.0,1e-05,32,2.0,3,47.1,52.96482412060301
100.0,1e-05,32,2.0,4,47.1,52.581453634085214
100.0,1e-05,32,2.0,5,47.1,51.64058556284705
100.0,1e-05,32,2.0,6,47.1,51.05963528831937
100.0,1e-05,32,2.0,7,47.1,53.06627101879327
100.0,1e-05,32,2.0,8,47.1,54.04040404040404
100.0,1e-05,32,2.0,9,47.1,54.7
100,1e-05,32,10,0,38.83,50.3458498
100,1e-05,32,10,1,38.83,50.5511022
100,1e-05,32,10,2,38.83,50.17650025
100,1e-05,32,10,3,38.83,50.60301508
100,1e-05,32,10,4,38.83,50.52631579
100,1e-05,32,10,5,38.83,50.227158
100,1e-05,32,10,6,38.83,50.17249877
100,1e-05,32,10,7,38.83,50.19782394
100,1e-05,32,10,8,38.83,51.16161616
100,1e-05,32,10,9,38.83,50
0.1,1e-05,32,0.1,0,19.9,48.81422925
0.1,1e-05,32,0.1,1,19.9,50.0501002
0.1,1e-05,32,0.1,2,19.9,50.32778618
0.1,1e-05,32,0.1,3,19.9,50.30150754
0.1,1e-05,32,0.1,4,19.9,50.12531328
0.1,1e-05,32,0.1,5,19.9,50.47955578
0.1,1e-05,32,0.1,6,19.9,49.28536225
0.1,1e-05,32,0.1,7,19.9,49.45598417
0.1,1e-05,32,0.1,8,19.9,50.50505051
0.1,1e-05,32,0.1,9,19.9,50
0.1,1e-05,32,10,0,10.22,49.40711462
0.1,1e-05,32,10,1,10.22,50.1002004
0.1,1e-05,32,10,2,10.22,50.42864347
0.1,1e-05,32,10,3,10.22,50.25125628
0.1,1e-05,32,10,4,10.22,50.12531328
0.1,1e-05,32,10,5,10.22,50.47955578
0.1,1e-05,32,10,6,10.22,49.28536225
0.1,1e-05,32,10,7,10.22,49.45598417
0.1,1e-05,32,10,8,10.22,50.50505051
0.1,1e-05,32,10,9,10.22,50
0.1,1e-05,32,100,0,11.28,49.45652174
0.1,1e-05,32,100,1,11.28,50.0501002
0.1,1e-05,32,100,2,11.28,50.42864347
0.1,1e-05,32,100,3,11.28,50.25125628
0.1,1e-05,32,100,4,11.28,50.22556391
0.1,1e-05,32,100,5,11.28,50.47955578
0.1,1e-05,32,100,6,11.28,49.28536225
0.1,1e-05,32,100,7,11.28,49.45598417
0.1,1e-05,32,100,8,11.28,50.50505051
0.1,1e-05,32,100,9,11.28,50
0.1,1e-05,128,0.1,0,27.57,49.40711462
0.1,1e-05,128,0.1,1,27.57,50.1002004
0.1,1e-05,128,0.1,2,27.57,50.42864347
0.1,1e-05,128,0.1,3,27.57,50.25125628
0.1,1e-05,128,0.1,4,27.57,50.12531328
0.1,1e-05,128,0.1,5,27.57,50.47955578
0.1,1e-05,128,0.1,6,27.57,49.28536225
0.1,1e-05,128,0.1,7,27.57,49.45598417
0.1,1e-05,128,0.1,8,27.57,50.50505051
0.1,1e-05,128,0.1,9,27.57,50
0.1,1e-05,128,10,0,14.15,49.40711462
0.1,1e-05,128,10,1,14.15,50.1002004
0.1,1e-05,128,10,2,14.15,50.42864347
0.1,1e-05,128,10,3,14.15,50.25125628
0.1,1e-05,128,10,4,14.15,50.12531328
0.1,1e-05,128,10,5,14.15,50.47955578
0.1,1e-05,128,10,6,14.15,49.28536225
0.1,1e-05,128,10,7,14.15,49.45598417
0.1,1e-05,128,10,8,14.15,50.50505051
0.1,1e-05,128,10,9,14.15,50
0.1,1e-05,128,100,0,8.78,49.40711462
0.1,1e-05,128,100,1,8.78,50.1002004
0.1,1e-05,128,100,2,8.78,50.42864347
0.1,1e-05,128,100,3,8.78,50.25125628
0.1,1e-05,128,100,4,8.78,50.12531328
0.1,1e-05,128,100,5,8.78,50.47955578
0.1,1e-05,128,100,6,8.78,49.28536225
0.1,1e-05,128,100,7,8.78,49.45598417
0.1,1e-05,128,100,8,8.78,50.50505051
0.1,1e-05,128,100,9,8.78,50
0.1,1e-05,512,0.1,0,24.99,49.40711462
0.1,1e-05,512,0.1,1,24.99,50.1002004
0.1,1e-05,512,0.1,2,24.99,50.42864347
0.1,1e-05,512,0.1,3,24.99,50.25125628
0.1,1e-05,512,0.1,4,24.99,50.12531328
0.1,1e-05,512,0.1,5,24.99,50.47955578
0.1,1e-05,512,0.1,6,24.99,49.28536225
0.1,1e-05,512,0.1,7,24.99,49.45598417
0.1,1e-05,512,0.1,8,24.99,50.50505051
0.1,1e-05,512,0.1,9,24.99,50
0.1,1e-05,512,10,0,11.56,49.40711462
0.1,1e-05,512,10,1,11.56,50.1002004
0.1,1e-05,512,10,2,11.56,50.42864347
0.1,1e-05,512,10,3,11.56,50.25125628
0.1,1e-05,512,10,4,11.56,50.12531328
0.1,1e-05,512,10,5,11.56,50.47955578
0.1,1e-05,512,10,6,11.56,49.28536225
0.1,1e-05,512,10,7,11.56,49.45598417
0.1,1e-05,512,10,8,11.56,50.50505051
0.1,1e-05,512,10,9,11.56,50
0.1,1e-05,512,100,0,10.38,49.40711462
0.1,1e-05,512,100,1,10.38,50.1002004
0.1,1e-05,512,100,2,10.38,50.42864347
0.1,1e-05,512,100,3,10.38,50.25125628
0.1,1e-05,512,100,4,10.38,50.12531328
0.1,1e-05,512,100,5,10.38,50.47955578
0.1,1e-05,512,100,6,10.38,49.28536225
0.1,1e-05,512,100,7,10.38,49.45598417
0.1,1e-05,512,100,8,10.38,50.50505051
0.1,1e-05,512,100,9,10.38,50
1,1e-05,32,0.1,0,40.19,49.90118577
1,1e-05,32,0.1,1,40.19,51.10220441
1,1e-05,32,0.1,2,40.19,50.42864347
1,1e-05,32,0.1,3,40.19,50.60301508
1,1e-05,32,0.1,4,40.19,51.22807018
1,1e-05,32,0.1,5,40.19,49.87380111
1,1e-05,32,0.1,6,40.19,49.43321833
1,1e-05,32,0.1,7,40.19,49.85163205
1,1e-05,32,0.1,8,40.19,50.90909091
1,1e-05,32,0.1,9,40.19,50.8
1,1e-05,32,10,0,21.5,49.90118577
1,1e-05,32,10,1,21.5,49.9498998
1,1e-05,32,10,2,21.5,50.47907211
1,1e-05,32,10,3,21.5,50.20100503
1,1e-05,32,10,4,21.5,50.02506266
1,1e-05,32,10,5,21.5,50.58051489
1,1e-05,32,10,6,21.5,49.28536225
1,1e-05,32,10,7,21.5,49.45598417
1,1e-05,32,10,8,21.5,50.50505051
1,1e-05,32,10,9,21.5,49.95
1,1e-05,32,100,0,10.11,49.40711462
1,1e-05,32,100,1,10.11,50.1002004
1,1e-05,32,100,2,10.11,50.37821483
1,1e-05,32,100,3,10.11,50.25125628
1,1e-05,32,100,4,10.11,50.1754386
1,1e-05,32,100,5,10.11,50.53003534
1,1e-05,32,100,6,10.11,49.28536225
1,1e-05,32,100,7,10.11,49.55489614
1,1e-05,32,100,8,10.11,50.50505051
1,1e-05,32,100,9,10.11,50
1,1e-05,128,0.1,0,42.69,49.55533597
1,1e-05,128,0.1,1,42.69,51.65330661
1,1e-05,128,0.1,2,42.69,50.32778618
1,1e-05,128,0.1,3,42.69,50.35175879
1,1e-05,128,0.1,4,42.69,50.22556391
1,1e-05,128,0.1,5,42.69,50.47955578
1,1e-05,128,0.1,6,42.69,48.84179399
1,1e-05,128,0.1,7,42.69,49.85163205
1,1e-05,128,0.1,8,42.69,51.01010101
1,1e-05,128,0.1,9,42.69,50.05
1,1e-05,128,10,0,24.22,49.40711462
1,1e-05,128,10,1,24.22,50.1002004
1,1e-05,128,10,2,24.22,50.42864347
1,1e-05,128,10,3,24.22,50.25125628
1,1e-05,128,10,4,24.22,50.12531328
1,1e-05,128,10,5,24.22,50.47955578
1,1e-05,128,10,6,24.22,49.28536225
1,1e-05,128,10,7,24.22,49.45598417
1,1e-05,128,10,8,24.22,50.50505051
1,1e-05,128,10,9,24.22,50
1,1e-05,128,100,0,9.99,49.40711462
1,1e-05,128,100,1,9.99,50.1002004
1,1e-05,128,100,2,9.99,50.42864347
1,1e-05,128,100,3,9.99,50.25125628
1,1e-05,128,100,4,9.99,50.12531328
1,1e-05,128,100,5,9.99,50.47955578
1,1e-05,128,100,6,9.99,49.28536225
1,1e-05,128,100,7,9.99,49.45598417
1,1e-05,128,100,8,9.99,50.50505051
1,1e-05,128,100,9,9.99,50
1,1e-05,512,0.1,0,40.33,49.90118577
1,1e-05,512,0.1,1,40.33,50.75150301
1,1e-05,512,0.1,2,40.33,50.42864347
1,1e-05,512,0.1,3,40.33,50.25125628
1,1e-05,512,0.1,4,40.33,50.1754386
1,1e-05,512,0.1,5,40.33,50.37859667
1,1e-05,512,0.1,6,40.33,49.28536225
1,1e-05,512,0.1,7,40.33,49.15924827
1,1e-05,512,0.1,8,40.33,50.50505051
1,1e-05,512,0.1,9,40.33,50.15
1,1e-05,512,10,0,22.41,49.40711462
1,1e-05,512,10,1,22.41,50.1002004
1,1e-05,512,10,2,22.41,50.42864347
1,1e-05,512,10,3,22.41,50.25125628
1,1e-05,512,10,4,22.41,50.12531328
1,1e-05,512,10,5,22.41,50.47955578
1,1e-05,512,10,6,22.41,49.28536225
1,1e-05,512,10,7,22.41,49.45598417
1,1e-05,512,10,8,22.41,50.50505051
1,1e-05,512,10,9,22.41,50
1,1e-05,512,100,0,10.71,49.40711462
1,1e-05,512,100,1,10.71,50.1002004
1,1e-05,512,100,2,10.71,50.42864347
1,1e-05,512,100,3,10.71,50.25125628
1,1e-05,512,100,4,10.71,50.12531328
1,1e-05,512,100,5,10.71,50.47955578
1,1e-05,512,100,6,10.71,49.28536225
1,1e-05,512,100,7,10.71,49.45598417
1,1e-05,512,100,8,10.71,50.50505051
1,1e-05,512,100,9,10.71,50
10,1e-05,32,0.1,0,47.14,51.33399209
10,1e-05,32,0.1,1,47.14,53.95791583
10,1e-05,32,0.1,2,47.14,51.03378719
10,1e-05,32,0.1,3,47.14,51.85929648
10,1e-05,32,0.1,4,47.14,51.87969925
10,1e-05,32,0.1,5,47.14,51.74154467
10,1e-05,32,0.1,6,47.14,52.0946279
10,1e-05,32,0.1,7,47.14,52.02769535
10,1e-05,32,0.1,8,47.14,52.12121212
10,1e-05,32,0.1,9,47.14,52.5
10,1e-05,32,10,0,33.77,48.51778656
10,1e-05,32,10,1,33.77,51.60320641
10,1e-05,32,10,2,33.77,49.72264246
10,1e-05,32,10,3,33.77,50.25125628
10,1e-05,32,10,4,33.77,50.02506266
10,1e-05,32,10,5,33.77,50.98435134
10,1e-05,32,10,6,33.77,49.0882208
10,1e-05,32,10,7,33.77,49.55489614
10,1e-05,32,10,8,33.77,50.85858586
10,1e-05,32,10,9,33.77,50.05
10,1e-05,32,100,0,15.74,49.40711462
10,1e-05,32,100,1,15.74,50.1002004
10,1e-05,32,100,2,15.74,50.42864347
10,1e-05,32,100,3,15.74,50.25125628
10,1e-05,32,100,4,15.74,50.07518797
10,1e-05,32,100,5,15.74,50.53003534
10,1e-05,32,100,6,15.74,49.28536225
10,1e-05,32,100,7,15.74,49.35707221
10,1e-05,32,100,8,15.74,50.50505051
10,1e-05,32,100,9,15.74,50
10,1e-05,128,0.1,0,48.34,50.39525692
10,1e-05,128,0.1,1,48.34,53.10621242
10,1e-05,128,0.1,2,48.34,51.53807363
10,1e-05,128,0.1,3,48.34,51.30653266
10,1e-05,128,0.1,4,48.34,52.48120301
10,1e-05,128,0.1,5,48.34,52.09490156
10,1e-05,128,0.1,6,48.34,50.5174963
10,1e-05,128,0.1,7,48.34,51.82987141
10,1e-05,128,0.1,8,48.34,52.42424242
10,1e-05,128,0.1,9,48.34,51.5
10,1e-05,128,10,0,37.48,50.14822134
10,1e-05,128,10,1,37.48,50.4008016
10,1e-05,128,10,2,37.48,50.63035804
10,1e-05,128,10,3,37.48,50.30150754
10,1e-05,128,10,4,37.48,50.1754386
10,1e-05,128,10,5,37.48,50.47955578
10,1e-05,128,10,6,37.48,49.28536225
10,1e-05,128,10,7,37.48,48.96142433
10,1e-05,128,10,8,37.48,50.75757576
10,1e-05,128,10,9,37.48,50.15
10,1e-05,128,100,0,19.05,49.40711462
10,1e-05,128,100,1,19.05,50.1002004
10,1e-05,128,100,2,19.05,50.42864347
10,1e-05,128,100,3,19.05,50.25125628
10,1e-05,128,100,4,19.05,50.12531328
10,1e-05,128,100,5,19.05,50.47955578
10,1e-05,128,100,6,19.05,49.28536225
10,1e-05,128,100,7,19.05,49.45598417
10,1e-05,128,100,8,19.05,50.50505051
10,1e-05,128,100,9,19.05,50
10,1e-05,512,0.1,0,47.4,50.44466403
10,1e-05,512,0.1,1,47.4,52.25450902
10,1e-05,512,0.1,2,47.4,50.88250126
10,1e-05,512,0.1,3,47.4,50.20100503
10,1e-05,512,0.1,4,47.4,51.27819549
10,1e-05,512,0.1,5,47.4,50.37859667
10,1e-05,512,0.1,6,47.4,51.10892065
10,1e-05,512,0.1,7,47.4,51.63204748
10,1e-05,512,0.1,8,47.4,51.46464646
10,1e-05,512,0.1,9,47.4,50.7
10,1e-05,512,10,0,36.69,49.45652174
10,1e-05,512,10,1,36.69,50.0501002
10,1e-05,512,10,2,36.69,50.37821483
10,1e-05,512,10,3,36.69,50.20100503
10,1e-05,512,10,4,36.69,50.12531328
10,1e-05,512,10,5,36.69,50.681474
10,1e-05,512,10,6,36.69,49.28536225
10,1e-05,512,10,7,36.69,49.30761622
10,1e-05,512,10,8,36.69,50.50505051
10,1e-05,512,10,9,36.69,50.15
10,1e-05,512,100,0,20.47,49.40711462
10,1e-05,512,100,1,20.47,50.1002004
10,1e-05,512,100,2,20.47,50.42864347
10,1e-05,512,100,3,20.47,50.25125628
10,1e-05,512,100,4,20.47,50.12531328
10,1e-05,512,100,5,20.47,50.47955578
10,1e-05,512,100,6,20.47,49.28536225
10,1e-05,512,100,7,20.47,49.45598417
10,1e-05,512,100,8,20.47,50.50505051
10,1e-05,512,100,9,20.47,50
100,1e-05,32,0.1,0,51.39,51.63043478
100,1e-05,32,0.1,1,51.39,54.40881764
100,1e-05,32,0.1,2,51.39,51.94150277
100,1e-05,32,0.1,3,51.39,52.71356784
100,1e-05,32,0.1,4,51.39,53.68421053
100,1e-05,32,0.1,5,51.39,52.8520949
100,1e-05,32,0.1,6,51.39,51.10892065
100,1e-05,32,0.1,7,51.39,53.01681503
100,1e-05,32,0.1,8,51.39,53.08080808
100,1e-05,32,0.1,9,51.39,53.85
100,1e-05,32,10,0,40.54,49.60474308
100,1e-05,32,10,1,40.54,50.75150301
100,1e-05,32,10,2,40.54,50.17650025
100,1e-05,32,10,3,40.54,50.55276382
100,1e-05,32,10,4,40.54,50.12531328
100,1e-05,32,10,5,40.54,50.07571933
100,1e-05,32,10,6,40.54,49.87678659
100,1e-05,32,10,7,40.54,48.61523244
100,1e-05,32,10,8,40.54,51.26262626
100,1e-05,32,10,9,40.54,50.6
100,1e-05,32,100,0,18.37,49.40711462
100,1e-05,32,100,1,18.37,50.1002004
100,1e-05,32,100,2,18.37,50.37821483
100,1e-05,32,100,3,18.37,50.25125628
100,1e-05,32,100,4,18.37,50.12531328
100,1e-05,32,100,5,18.37,50.47955578
100,1e-05,32,100,6,18.37,49.28536225
100,1e-05,32,100,7,18.37,49.45598417
100,1e-05,32,100,8,18.37,50.4040404
100,1e-05,32,100,9,18.37,49.95
100,1e-05,128,0.1,0,52.95,51.87747036
100,1e-05,128,0.1,1,52.95,54.10821643
100,1e-05,128,0.1,2,52.95,52.49621785
100,1e-05,128,0.1,3,52.95,53.26633166
100,1e-05,128,0.1,4,52.95,53.93483709
100,1e-05,128,0.1,5,52.95,52.49873801
100,1e-05,128,0.1,6,52.95,51.700345
100,1e-05,128,0.1,7,52.95,54.25321464
100,1e-05,128,0.1,8,52.95,53.78787879
100,1e-05,128,0.1,9,52.95,53
100,1e-05,128,10,0,43.11,50.93873518
100,1e-05,128,10,1,43.11,50.75150301
100,1e-05,128,10,2,43.11,50.98335855
100,1e-05,128,10,3,43.11,50.65326633
100,1e-05,128,10,4,43.11,50.32581454
100,1e-05,128,10,5,43.11,50.83291267
100,1e-05,128,10,6,43.11,49.63035978
100,1e-05,128,10,7,43.11,50.84075173
100,1e-05,128,10,8,43.11,51.71717172
100,1e-05,128,10,9,43.11,50.7
100,1e-05,128,100,0,24.85,49.40711462
100,1e-05,128,100,1,24.85,50.1002004
100,1e-05,128,100,2,24.85,50.42864347
100,1e-05,128,100,3,24.85,50.25125628
100,1e-05,128,100,4,24.85,50.12531328
100,1e-05,128,100,5,24.85,50.47955578
100,1e-05,128,100,6,24.85,49.28536225
100,1e-05,128,100,7,24.85,49.45598417
100,1e-05,128,100,8,24.85,50.50505051
100,1e-05,128,100,9,24.85,50
100,1e-05,512,0.1,0,52.24,51.43280632
100,1e-05,512,0.1,1,52.24,53.60721443
100,1e-05,512,0.1,2,52.24,52.64750378
100,1e-05,512,0.1,3,52.24,51.6080402
100,1e-05,512,0.1,4,52.24,51.67919799
100,1e-05,512,0.1,5,52.24,52.49873801
100,1e-05,512,0.1,6,52.24,51.99605717
100,1e-05,512,0.1,7,52.24,53.41246291
100,1e-05,512,0.1,8,52.24,53.73737374
100,1e-05,512,0.1,9,52.24,53.65
100,1e-05,512,10,0,41.95,49.45652174
100,1e-05,512,10,1,41.95,50.3507014
100,1e-05,512,10,2,41.95,50.2269289
100,1e-05,512,10,3,41.95,50.40201005
100,1e-05,512,10,4,41.95,50.07518797
100,1e-05,512,10,5,41.95,51.13579001
100,1e-05,512,10,6,41.95,49.13750616
100,1e-05,512,10,7,41.95,51.48367953
100,1e-05,512,10,8,41.95,50.3030303
100,1e-05,512,10,9,41.95,49.7
100,1e-05,512,100,0,25.49,49.40711462
100,1e-05,512,100,1,25.49,50.1002004
100,1e-05,512,100,2,25.49,50.42864347
100,1e-05,512,100,3,25.49,50.25125628
100,1e-05,512,100,4,25.49,50.12531328
100,1e-05,512,100,5,25.49,50.47955578
100,1e-05,512,100,6,25.49,49.28536225
100,1e-05,512,100,7,25.49,49.45598417
100,1e-05,512,100,8,25.49,50.50505051
100,1e-05,512,100,9,25.49,50
174,1e-05,32,0.1,0,51.56,52.42094862
174,1e-05,32,0.1,1,51.56,54.60921844
174,1e-05,32,0.1,2,51.56,52.79878971
174,1e-05,32,0.1,3,51.56,53.06532663
174,1e-05,32,0.1,4,51.56,53.48370927
174,1e-05,32,0.1,5,51.56,53.05401312
174,1e-05,32,0.1,6,51.56,52.43962543
174,1e-05,32,0.1,7,51.56,53.51137488
174,1e-05,32,0.1,8,51.56,53.68686869
174,1e-05,32,0.1,9,51.56,52.7
174,1e-05,32,10,0,40.95,50.44466403
174,1e-05,32,10,1,40.95,52.05410822
174,1e-05,32,10,2,40.95,50.37821483
174,1e-05,32,10,3,40.95,50.60301508
174,1e-05,32,10,4,40.95,50.12531328
174,1e-05,32,10,5,40.95,50.32811711
174,1e-05,32,10,6,40.95,48.98965007
174,1e-05,32,10,7,40.95,51.08803165
174,1e-05,32,10,8,40.95,50.05050505
174,1e-05,32,10,9,40.95,50.15
174,1e-05,32,100,0,21.46,49.35770751
174,1e-05,32,100,1,21.46,50.0501002
174,1e-05,32,100,2,21.46,50.42864347
174,1e-05,32,100,3,21.46,50.25125628
174,1e-05,32,100,4,21.46,50.07518797
174,1e-05,32,100,5,21.46,50.47955578
174,1e-05,32,100,6,21.46,49.38393297
174,1e-05,32,100,7,21.46,49.35707221
174,1e-05,32,100,8,21.46,50.45454545
174,1e-05,32,100,9,21.46,50.1
174,1e-05,128,0.1,0,52.41,52.27272727
174,1e-05,128,0.1,1,52.41,56.01202405
174,1e-05,128,0.1,2,52.41,52.899647
174,1e-05,128,0.1,3,52.41,53.26633166
174,1e-05,128,0.1,4,52.41,52.88220551
174,1e-05,128,0.1,5,52.41,53.60928824
174,1e-05,128,0.1,6,52.41,52.88319369
174,1e-05,128,0.1,7,52.41,53.65974283
174,1e-05,128,0.1,8,52.41,55.05050505
174,1e-05,128,0.1,9,52.41,54.75
174,1e-05,128,10,0,43.02,49.90118577
174,1e-05,128,10,1,43.02,50.1002004
174,1e-05,128,10,2,43.02,50.32778618
174,1e-05,128,10,3,43.02,50.95477387
174,1e-05,128,10,4,43.02,50.47619048
174,1e-05,128,10,5,43.02,49.87380111
174,1e-05,128,10,6,43.02,49.23607689
174,1e-05,128,10,7,43.02,51.03857567
174,1e-05,128,10,8,43.02,51.36363636
174,1e-05,128,10,9,43.02,50.45
174,1e-05,128,100,0,25.73,49.40711462
174,1e-05,128,100,1,25.73,50.1002004
174,1e-05,128,100,2,25.73,50.42864347
174,1e-05,128,100,3,25.73,50.25125628
174,1e-05,128,100,4,25.73,50.12531328
174,1e-05,128,100,5,25.73,50.47955578
174,1e-05,128,100,6,25.73,49.28536225
174,1e-05,128,100,7,25.73,49.45598417
174,1e-05,128,100,8,25.73,50.50505051
174,1e-05,128,100,9,25.73,50
174,1e-05,512,0.1,0,51.17,51.23517787
174,1e-05,512,0.1,1,51.17,54.55911824
174,1e-05,512,0.1,2,51.17,52.44578921
174,1e-05,512,0.1,3,51.17,51.95979899
174,1e-05,512,0.1,4,51.17,53.63408521
174,1e-05,512,0.1,5,51.17,53.40737002
174,1e-05,512,0.1,6,51.17,51.74963036
174,1e-05,512,0.1,7,51.17,52.67062315
174,1e-05,512,0.1,8,51.17,53.88888889
174,1e-05,512,0.1,9,51.17,52.5
174,1e-05,512,10,0,43.17,49.85177866
174,1e-05,512,10,1,43.17,51.20240481
174,1e-05,512,10,2,43.17,50.12607161
174,1e-05,512,10,3,43.17,50.55276382
174,1e-05,512,10,4,43.17,50.87719298
174,1e-05,512,10,5,43.17,50.47955578
174,1e-05,512,10,6,43.17,50.32035485
174,1e-05,512,10,7,43.17,50.64292779
174,1e-05,512,10,8,43.17,50.70707071
174,1e-05,512,10,9,43.17,50.85
174,1e-05,512,100,0,23.17,49.40711462
174,1e-05,512,100,1,23.17,50.1002004
174,1e-05,512,100,2,23.17,50.42864347
174,1e-05,512,100,3,23.17,50.25125628
174,1e-05,512,100,4,23.17,50.12531328
174,1e-05,512,100,5,23.17,50.47955578
174,1e-05,512,100,6,23.17,49.28536225
174,1e-05,512,100,7,23.17,49.45598417
174,1e-05,512,100,8,23.17,50.50505051
174,1e-05,512,100,9,23.17,50